

SET SQL_MODE = "NO_AUTO_VALUE_ON_ZERO";
START TRANSACTION;
SET time_zone = "+00:00";




--
-- Database: `onlinefoodphp`
--

-- --------------------------------------------------------

--
-- Table structure for table `admin`
--

CREATE TABLE `admin` (
  `adm_id` int NOT NULL,
  `username` varchar(222) NOT NULL,
  `password` varchar(222) NOT NULL,
  `email` varchar(222) NOT NULL,
  `code` varchar(222) NOT NULL,
  `date` timestamp NOT NULL DEFAULT CURRENT_TIMESTAMP ON UPDATE CURRENT_TIMESTAMP
) ENGINE=InnoDB DEFAULT CHARSET=latin1;

--
-- Dumping data for table `admin`
--
INSERT INTO admin (username, password, email, code)
     VALUES ('admin', MD5('admin123'), 'admin@gmail.com', '');



-- --------------------------------------------------------

--
-- Table structure for table `dishes`
--

CREATE TABLE `dishes` (
  `d_id` int NOT NULL,
  `rs_id` int NOT NULL,
  `title` varchar(222) NOT NULL,
  `slogan` varchar(222) NOT NULL,
  `price` decimal(10,2) NOT NULL,
  `img` varchar(222) NOT NULL
) ENGINE=InnoDB DEFAULT CHARSET=latin1;

--
-- Dumping data for table `dishes`
--

INSERT INTO `dishes` (`d_id`, `rs_id`, `title`, `slogan`, `price`, `img`) VALUES
(1, 1, 'Yorkshire Lamb Patties', 'Lamb patties which melt in your mouth, and are quick and easy to make. Served hot with a crisp salad.', '450', '62908867a48e4.jpg'),
(2, 1, 'Lobster Thermidor', 'Lobster Thermidor is a French dish of lobster meat cooked in a rich wine sauce, stuffed back into a lobster shell, and browned.', '300', '629089fee52b9.jpg'),
(3, 4, 'Chicken Madeira', 'Chicken Madeira, like Chicken Marsala, is made with chicken, mushrooms, and a special fortified wine. But, the wines are different;', '230', '62908bdf2f581.jpg'),
(4, 1, 'Stuffed Jacket Potatoes', 'Deep fry whole potatoes in oil for 8-10 minutes or coat each potato with little oil. Mix the onions, garlic, tomatoes and mushrooms. Add yoghurt, ginger, garlic, chillies, coriander', '250', '62908d393465b.jpg'),
(5, 2, 'Pink Spaghetti Gamberoni', 'Spaghetti with prawns in a fresh tomato sauce. This dish originates from Southern Italy and with the combination of prawns, garlic, chilli and pasta. Garnish each with remaining tablespoon parsley.', '210', '606d7491a9d13.jpg'),
(6, 2, 'Cheesy Mashed Potato', 'Deliciously Cheesy Mashed Potato. The ultimate mash for your Thanksgiving table or the perfect accompaniment to vegan sausage casserole. Everyone will love it\'s fluffy, cheesy.', '200', '606d74c416da5.jpg'),
(7, 2, 'Crispy Chicken Strips', 'Fried chicken strips, served with special honey mustard sauce.', '300', '606d74f6ecbbb.jpg'),
(8, 2, 'Lemon Grilled Chicken And Pasta', 'Marinated rosemary grilled chicken breast served with mashed potatoes and your choice of pasta.', '230', '606d752a209c3.jpg'),
(9, 3, 'Vegetable Fried Rice', 'Chinese rice wok with cabbage, beans, carrots, and spring onions.', '340', '606d7575798fb.jpg'),
(10, 3, 'Prawn Crackers', '12 pieces deep-fried prawn crackers', '7.00', '606d75a7e21ec.jpg'),
(11, 3, 'Spring Rolls', 'Lightly seasoned shredded cabbage, onion and carrots, wrapped in house made spring roll wrappers, deep fried to golden brown.', '260', '606d75ce105d0.jpg'),
(12, 3, 'Manchurian Chicken', 'Chicken pieces slow cooked with spring onions in our house made manchurian style sauce.', '320', '606d7600dc54c.jpg'),
(13, 4, ' BBQ-pizza', 'Indulge in the perfect fusion of smoky barbecue flavors and cheesy goodness! Our BBQ Pizza is loaded with premium toppings, tangy BBQ sauce, and a crispy crust.', '299 ', 'bbq-Pizza.jpg'),
(14, 4, 'Mac N Cheese Bites', 'Served with our traditional spicy queso and marinara sauce.', '200', '606d768a1b2a1.jpg'),
(15, 4, 'Signature Potato Twisters', 'Spiral sliced potatoes, topped with our traditional spicy queso, Monterey Jack cheese, pico de gallo, sour cream and fresh cilantro.', '200', '606d76ad0c0cb.jpg'),
(16, 4, 'Meatballs Penne Pasta', 'Garlic-herb beef meatballs tossed in our house-made marinara sauce and penne pasta topped with fresh parsley.', '450', '606d76eedbb99.jpg');

-- --------------------------------------------------------

--
-- Table structure for table `remark`
--

CREATE TABLE `remark` (
  `id` int NOT NULL,
  `frm_id` int NOT NULL,
  `status` varchar(255) NOT NULL,
  `remark` mediumtext NOT NULL,
  `remarkDate` timestamp NOT NULL DEFAULT CURRENT_TIMESTAMP
) ENGINE=InnoDB DEFAULT CHARSET=latin1;

-- --------------------------------------------------------

--
-- Table structure for table `restaurant`
--

CREATE TABLE `restaurant` (
  `rs_id` int NOT NULL,
  `c_id` int NOT NULL,
  `title` varchar(222) NOT NULL,
  `email` varchar(222) NOT NULL,
  `phone` varchar(222) NOT NULL,
  `url` varchar(222) NOT NULL,
  `o_hr` varchar(222) NOT NULL,
  `c_hr` varchar(222) NOT NULL,
  `o_days` varchar(222) NOT NULL,
  `address` text NOT NULL,
  `image` text NOT NULL,
  `date` timestamp NOT NULL DEFAULT CURRENT_TIMESTAMP ON UPDATE CURRENT_TIMESTAMP
) ENGINE=InnoDB DEFAULT CHARSET=latin1;

--
-- Dumping data for table `restaurant`
--

INSERT INTO `restaurant` (`rs_id`, `c_id`, `title`, `email`, `phone`, `url`, `o_hr`, `c_hr`, `o_days`, `address`, `image`, `date`) VALUES
(1, 1, 'Nourish Bistro', 'Nourish Bistro@mail.com', '3547854700', 'www.NourishBistro.com', '8am', '8pm', 'mon-sat', 'Ground floor,veera Desai area,andheri(w)', '6290877b473ce.jpg', '2022-05-27 08:10:35'),
(2, 2, 'Eataly', 'eataly@gmail.com', '0557426406', 'www.eataly.com', '11am', '9pm', 'Mon-Sat', 'Topiwala bldg,jawahar nagar,goregaon(E)', '606d720b5fc71.jpg', '2022-05-27 08:06:41'),
(3, 3, 'Hight street cafe', 'Hightstreetcafe25@mail.com', '1458745855', 'www.Hightstreetcafe25.com', '9am', '8pm', 'mon-sat', 'plot 23,orelam tank Rd,Dahisar(E)', '6290860e72d1e.jpg', '2022-05-27 08:04:30'),
(4, 4, 'Wasabi Kitchen', 'WasabKitchen@mail.com', '6545687458', 'www.WasabiKitchen.com', '7am', '8pm', 'mon-sat', 'Level 2,city mall,malad(W)', '6290af6f81887.jpg', '2022-05-27 11:01:03');

-- --------------------------------------------------------

--
-- Table structure for table `res_category`
--

CREATE TABLE `res_category` (
  `c_id` int NOT NULL,
  `c_name` varchar(222) NOT NULL,
  `date` timestamp NOT NULL DEFAULT CURRENT_TIMESTAMP ON UPDATE CURRENT_TIMESTAMP
) ENGINE=InnoDB DEFAULT CHARSET=latin1;

--
-- Dumping data for table `res_category`
--

INSERT INTO `res_category` (`c_id`, `c_name`, `date`) VALUES
(1, 'Continental', '2022-05-27 08:07:35'),
(2, 'Italian', '2021-04-07 08:45:23'),
(3, 'Chinese', '2021-04-07 08:45:25'),
(4, 'American', '2021-04-07 08:45:28');

-- --------------------------------------------------------

--
-- Table structure for table `users`
--

CREATE TABLE `users` (
  `u_id` int NOT NULL,
  `username` varchar(222) NOT NULL,
  `f_name` varchar(222) NOT NULL,
  `l_name` varchar(222) NOT NULL,
  `email` varchar(222) NOT NULL,
  `phone` varchar(222) NOT NULL,
  `password` varchar(222) NOT NULL,
  `address` text NOT NULL,
  `status` int NOT NULL DEFAULT '1',
  `date` timestamp NOT NULL DEFAULT CURRENT_TIMESTAMP ON UPDATE CURRENT_TIMESTAMP
) ENGINE=InnoDB DEFAULT CHARSET=latin1;

-- --------------------------------------------------------

--
-- Table structure for table `users_orders`
--

CREATE TABLE `users_orders` (
  `o_id` int NOT NULL,
  `u_id` int NOT NULL,
  `title` varchar(222) NOT NULL,
  `quantity` int NOT NULL,
  `price` decimal(10,2) NOT NULL,
  `status` varchar(222) DEFAULT NULL,
  `date` timestamp NOT NULL DEFAULT CURRENT_TIMESTAMP ON UPDATE CURRENT_TIMESTAMP
) ENGINE=InnoDB DEFAULT CHARSET=latin1;

--
-- Indexes for dumped tables
--

--
-- Indexes for table `admin`
--
ALTER TABLE `admin`
  ADD PRIMARY KEY (`adm_id`);

--
-- Indexes for table `dishes`
--
ALTER TABLE `dishes`
  ADD PRIMARY KEY (`d_id`);

--
-- Indexes for table `remark`
--
ALTER TABLE `remark`
  ADD PRIMARY KEY (`id`);

--
-- Indexes for table `restaurant`
--
ALTER TABLE `restaurant`
  ADD PRIMARY KEY (`rs_id`);

--
-- Indexes for table `res_category`
--
ALTER TABLE `res_category`
  ADD PRIMARY KEY (`c_id`);

--
-- Indexes for table `users`
--
ALTER TABLE `users`
  ADD PRIMARY KEY (`u_id`);

--
-- Indexes for table `users_orders`
--
ALTER TABLE `users_orders`
  ADD PRIMARY KEY (`o_id`);

--
-- AUTO_INCREMENT for dumped tables
--

--
-- AUTO_INCREMENT for table `admin`
--
ALTER TABLE `admin`
  MODIFY `adm_id` int NOT NULL AUTO_INCREMENT, AUTO_INCREMENT=3;

--
-- AUTO_INCREMENT for table `dishes`
--
ALTER TABLE `dishes`
  MODIFY `d_id` int NOT NULL AUTO_INCREMENT, AUTO_INCREMENT=17;

--
-- AUTO_INCREMENT for table `remark`
--
ALTER TABLE `remark`
  MODIFY `id` int NOT NULL AUTO_INCREMENT, AUTO_INCREMENT=16;

--
-- AUTO_INCREMENT for table `restaurant`

ALTER TABLE `restaurant`
  MODIFY `rs_id` int NOT NULL AUTO_INCREMENT, AUTO_INCREMENT=5;


-- AUTO_INCREMENT for table `res_category`

ALTER TABLE `res_category`
  MODIFY `c_id` int NOT NULL AUTO_INCREMENT, AUTO_INCREMENT=5;


-- AUTO_INCREMENT for table `users`

ALTER TABLE `users`
  MODIFY `u_id` int NOT NULL AUTO_INCREMENT, AUTO_INCREMENT=9;


-- AUTO_INCREMENT for table `users_orders`

ALTER TABLE `users_orders`
  MODIFY `o_id` int NOT NULL AUTO_INCREMENT, AUTO_INCREMENT=23;


COMMIT;


